<?xml version="1.0" encoding="UTF-8" standalone="no"?>
<LoganContent xmlns="http://www.oracle.com/DataCenter/LogAnalyticsStd" content_version="3.102.3.0.0" name="content_ocid1.tenancy.oc1..aaaaaaaawtaaoby4igrs75ylbl2xwq7najogivj52htdgrj4la23qipjhwxa_1741225319178" oms_version="3.102.3.0.0">
   <Field oms_version="3.102.3.0.0">
      <DisplayName>cpu</DisplayName>
      <FieldType>1</FieldType>
      <IsSystem>0</IsSystem>
      <IsPrimary>1</IsPrimary>
      <DataType>STRING</DataType>
      <IsMetricKeyEligible>0</IsMetricKeyEligible>
      <IsMetricValueEligible>0</IsMetricValueEligible>
      <FacetEligible>1</FacetEligible>
      <RangeFacetEligible>0</RangeFacetEligible>
      <TableEligible>1</TableEligible>
      <FacetPriority>1</FacetPriority>
      <Summarizable>1</Summarizable>
      <HighCardinality>1</HighCardinality>
      <LargeData>0</LargeData>
      <MultiValued>0</MultiValued>
      <SMAEnabledSetting>0</SMAEnabledSetting>
   </Field>
   <Parser oms_version="3.102.3.0.0" tokenize_orig_text="1" type="0">
      <Name>cpu sar</Name>
      <DisplayName>cpu sar</DisplayName>
      <ParserContent>{TIMEDATE}\s+([^\s]+)\s+([^\s]+)\s+(\d*\.?\d+)\s+[^.]+.[^\s]+\s+(\d*\.?\d+)\s+(\d*\.?\d+)\s+[^.]+.[^\s]+\s+(\d*\.?\d+)</ParserContent>
      <IsSingleLineContent>1</IsSingleLineContent>
      <ExampleContent>10:13:19 PM     all      0.80      0.00      0.20      0.00      0.00     98.99
10:13:24 PM     all      0.40      0.10      0.30      0.00      0.00     99.20
10:13:29 PM     all      0.40      0.00      0.30      0.00      0.10     99.20
10:13:34 PM     all      0.60      0.10      0.20      0.00      0.10     99.00</ExampleContent>
      <IsSystem>0</IsSystem>
      <Encoding>UTF-8</Encoding>
      <Language>en_US</Language>
      <ParserFields>
         <ParserField>
            <FieldSeq>3</FieldSeq>
            <FieldName>cpuusrpercent</FieldName>
         </ParserField>
         <ParserField>
            <FieldSeq>5</FieldSeq>
            <FieldName>cpuiowpercent</FieldName>
         </ParserField>
         <ParserField>
            <FieldSeq>2</FieldSeq>
            <FieldName>udfs27</FieldName>
         </ParserField>
         <ParserField>
            <FieldSeq>1</FieldSeq>
            <FieldName>timeampm</FieldName>
         </ParserField>
         <ParserField>
            <FieldSeq>4</FieldSeq>
            <FieldName>cpusyspercent</FieldName>
         </ParserField>
         <ParserField>
            <FieldSeq>6</FieldSeq>
            <FieldName>cpuidlpercent</FieldName>
         </ParserField>
      </ParserFields>
      <WrittenOnce>0</WrittenOnce>
      <IsDefaultParser>1</IsDefaultParser>
   </Parser>
   <Source configWarningSettings="0" name="sar cpu" oms_version="3.102.3.0.0">
      <SourceType>os_file</SourceType>
      <TargetTypes>
         <TargetType>omc_host_linux</TargetType>
      </TargetTypes>
      <DisplayName>sar cpu</DisplayName>
      <IsSystem>0</IsSystem>
      <IsSecureContent>1</IsSecureContent>
      <Parsers>
         <Parser>
            <ParserSeq>1</ParserSeq>
            <ParserName>cpu sar</ParserName>
         </Parser>
      </Parsers>
      <IsHidden>0</IsHidden>
      <IsSMAEnabled>0</IsSMAEnabled>
   </Source>
   <FieldNameMaps>
      <FieldNameMap>
         <Name>udfs27</Name>
         <DisplayName>cpu</DisplayName>
      </FieldNameMap>
   </FieldNameMaps>
</LoganContent>
